Workbook
Name Slicer_Loyalty_Tier: #N/A
Name Slicer_Season: #N/A

Sheet Pivot Tables
A2: Average Rating by Trip Type
A3: Row Labels | B3: Average of AvgRating | H3: Booking trends by Month
A4: City Break | B4: 4.1421176 | H4: Years (Booking Date) | I4: Months (Booking Date) | J4: Count of Booking ID
A5: Wildlife | B5: 4.0183333 | H5: 2024 | I5: Aug | J5: 55
A6: Adventure | B6: 4.0109231 | I6: Nov | J6: 42
A7: Relaxation | B7: 4.00375 | I7: Oct | J7: 40
A8: Cultural | B8: 3.9763889 | I8: Sep | J8: 37
A9: Cruise | B9: 3.950375 | I9: Dec | J9: 35
A10: Grand Total | B10: 4.0187 | I10: Jul | J10: 12
H11: 2024 Total | J11: 221
H12: 2025 | I12: May | J12: 49
A13: Revenue by Agent | I13: Jan | J13: 46
A14: Row Labels | B14: Sum of PriceUSD | I14: Jun | J14: 46
A15: Deborah Morgan | B15: 13259 | I15: Mar | J15: 38
A16: Martha Powell | B16: 17842 | I16: Apr | J16: 38
A17: Scott Franco | B17: 24016 | I17: Feb | J17: 34
A18: Laurie Morales | B18: 25042 | I18: Jul | J18: 28
A19: April Smith | B19: 25089 | H19: 2025 Total | J19: 279
A20: Leonard Hunt | B20: 27574 | H20: Grand Total | J20: 500
A21: Frank Goodwin | B21: 27796
A22: Shannon Hernandez | B22: 30691
A23: Sheila Clark | B23: 30981
A24: Dana Moore | B24: 31219
A25: Curtis Burton | B25: 31877
A26: Shelley Shaffer | B26: 33047 | H26: Top 10 Regions
A27: Sarah Mays | B27: 33433 | H27: Row Labels | I27: Count of Booking ID
A28: Kevin Marsh | B28: 34866 | H28: Louisiana | I28: 51
A29: Timothy Morrison | B29: 34905 | H29: South Dakota | I29: 43
A30: Mr. Cesar Turner MD | B30: 35132 | H30: Missouri | I30: 43
A31: Timothy Baker | B31: 36640 | H31: Tennessee | I31: 36
A32: Kenneth Cook | B32: 37079 | H32: Georgia | I32: 27
A33: Misty Arnold | B33: 39158 | H33: Alabama | I33: 25
A34: Sarah Keith | B34: 41557 | H34: Maryland | I34: 24
A35: Richard Simmons | B35: 42001 | H35: Oregon | I35: 23
A36: Laura Bennett | B36: 45514 | H36: Arkansas | I36: 22
A37: Paul Huffman | B37: 45662 | H37: Oklahoma | I37: 22
A38: Stephen Payne | B38: 45918 | H38: Mississippi | I38: 22
A39: Karen Sutton | B39: 58214 | H39: Grand Total | I39: 338
A40: Grand Total | B40: 848512

Sheet Dashboard

Sheet Travel Agency Data
A1: TripID | B1: Destination | C1: Type | D1: Season | E1: DurationDays | F1: PriceUSD | G1: AvgRating | H1: Customer ID | I1: Loyalty Tier | J1: Agent ID | K1: Agent Name | L1: Reviews ID | M1: Rating | N1: Booking ID | O1: Region | P1: Booking Date
A2: T1000 | B2: South Robin | C2: Cruise | D2: Winter | E2: 14 | F2: 2881 | G2: 4.72 | H2: =_xlfn.XLOOKUP(Travel_Agency_Data[[#This Row],[TripID]],Bookings!C:C,Bookings!B:B,,0) -> C11172 | I2: =_xlfn.XLOOKUP(Travel_Agency_Data[[#This Row],[Customer ID]],Customers!A:A,Customers!F:F,,0) -> Bronze | J2: =_xlfn.XLOOKUP(Travel_Agency_Data[[#This Row],[Customer ID]],Bookings!B:B,Bookings!D:D,,0) -> A221 | K2: =_xlfn.XLOOKUP(Travel_Agency_Data[[#This Row],[Agent ID]],Agents!A:A,Agents!B:B,,0) -> Scott Franco | L2: =IFERROR(_xlfn.XLOOKUP(Travel_Agency_Data[[#This Row],[Booking ID]],Reviews!B:B,Reviews!A:A,,0),"Not Found") -> Not Found | M2: =IFERROR(_xlfn.XLOOKUP(Travel_Agency_Data[[#This Row],[Booking ID]],Reviews!B:B,Reviews!C:C,,0),"Not Found") -> Not Found | N2: =_xlfn.XLOOKUP(Travel_Agency_Data[[#This Row],[Customer ID]],Bookings!B:B,Bookings!A:A,,0) -> B5295 | O2: =_xlfn.XLOOKUP(Travel_Agency_Data[[#This Row],[Agent ID]],Agents!A:A,Agents!C:C,,0) -> Florida | P2: =_xlfn.XLOOKUP(Travel_Agency_Data[[#This Row],[Booking ID]],Bookings!A:A,Bookings!E:E,,0) -> 45782
A3: T1001 | B3: Lopezbury | C3: Relaxation | D3: Autumn | E3: 6 | F3: 1304 | G3: 4.92 | H3: =_xlfn.XLOOKUP(Travel_Agency_Data[[#This Row],[TripID]],Bookings!C:C,Bookings!B:B,,0) -> C10617 | I3: =_xlfn.XLOOKUP(Travel_Agency_Data[[#This Row],[Customer ID]],Customers!A:A,Customers!F:F,,0) -> Platinum | J3: =_xlfn.XLOOKUP(Travel_Agency_Data[[#This Row],[Customer ID]],Bookings!B:B,Bookings!D:D,,0) -> A201 | K3: =_xlfn.XLOOKUP(Travel_Agency_Data[[#This Row],[Agent ID]],Agents!A:A,Agents!B:B,,0) -> Timothy Baker | L3: =IFERROR(_xlfn.XLOOKUP(Travel_Agency_Data[[#This Row],[Booking ID]],Reviews!B:B,Reviews!A:A,,0),"Not Found") -> R4270 | M3: =IFERROR(_xlfn.XLOOKUP(Travel_Agency_Data[[#This Row],[Booking ID]],Reviews!B:B,Reviews!C:C,,0),"Not Found") -> 2 | N3: =_xlfn.XLOOKUP(Travel_Agency_Data[[#This Row],[Customer ID]],Bookings!B:B,Bookings!A:A,,0) -> B5838 | O3: =_xlfn.XLOOKUP(Travel_Agency_Data[[#This Row],[Agent ID]],Agents!A:A,Agents!C:C,,0) -> Missouri | P3: =_xlfn.XLOOKUP(Travel_Agency_Data[[#This Row],[Booking ID]],Bookings!A:A,Bookings!E:E,,0) -> 45599
A4: T1002 | B4: Grahamborough | C4: Cruise | D4: Spring | E4: 6 | F4: 2445 | G4: 3.12 | H4: =_xlfn.XLOOKUP(Travel_Agency_Data[[#This Row],[TripID]],Bookings!C:C,Bookings!B:B,,0) -> C16023 | I4: =_xlfn.XLOOKUP(Travel_Agency_Data[[#This Row],[Customer ID]],Customers!A:A,Customers!F:F,,0) -> Platinum | J4: =_xlfn.XLOOKUP(Travel_Agency_Data[[#This Row],[Customer ID]],Bookings!B:B,Bookings!D:D,,0) -> A217 | K4: =_xlfn.XLOOKUP(Travel_Agency_Data[[#This Row],[Agent ID]],Agents!A:A,Agents!B:B,,0) -> Misty Arnold | L4: =IFERROR(_xlfn.XLOOKUP(Travel_Agency_Data[[#This Row],[Booking ID]],Reviews!B:B,Reviews!A:A,,0),"Not Found") -> Not Found | M4: =IFERROR(_xlfn.XLOOKUP(Travel_Agency_Data[[#This Row],[Booking ID]],Reviews!B:B,Reviews!C:C,,0),"Not Found") -> Not Found | N4: =_xlfn.XLOOKUP(Travel_Agency_Data[[#This Row],[Customer ID]],Bookings!B:B,Bookings!A:A,,0) -> B6313 | O4: =_xlfn.XLOOKUP(Travel_Agency_Data[[#This Row],[Agent ID]],Agents!A:A,Agents!C:C,,0) -> Mississippi | P4: =_xlfn.XLOOKUP(Travel_Agency_Data[[#This Row],[Booking ID]],Bookings!A:A,Bookings!E:E,,0) -> 45770
A5: T1003 | B5: Lake Shaneburgh | C5: Wildlife | D5: Summer | E5: 14 | F5: 1010 | G5: 4.04 | H5: =_xlfn.XLOOKUP(Travel_Agency_Data[[#This Row],[TripID]],Bookings!C:C,Bookings!B:B,,0) -> C11542 | I5: =_xlfn.XLOOKUP(Travel_Agency_Data[[#This Row],[Customer ID]],Customers!A:A,Customers!F:F,,0) -> Silver | J5: =_xlfn.XLOOKUP(Travel_Agency_Data[[#This Row],[Customer ID]],Bookings!B:B,Bookings!D:D,,0) -> A208 | K5: =_xlfn.XLOOKUP(Travel_Agency_Data[[#This Row],[Agent ID]],Agents!A:A,Agents!B:B,,0) -> Sarah Keith | L5: =IFERROR(_xlfn.XLOOKUP(Travel_Agency_Data[[#This Row],[Booking ID]],Reviews!B:B,Reviews!A:A,,0),"Not Found") -> Not Found | M5: =IFERROR(_xlfn.XLOOKUP(Travel_Agency_Data[[#This Row],[Booking ID]],Reviews!B:B,Reviews!C:C,,0),"Not Found") -> Not Found | N5: =_xlfn.XLOOKUP(Travel_Agency_Data[[#This Row],[Customer ID]],Bookings!B:B,Bookings!A:A,,0) -> B6245 | O5: =_xlfn.XLOOKUP(Travel_Agency_Data[[#This Row],[Agent ID]],Agents!A:A,Agents!C:C,,0) -> Washington | P5: =_xlfn.XLOOKUP(Travel_Agency_Data[[#This Row],[Booking ID]],Bookings!A:A,Bookings!E:E,,0) -> 45703
A6: T1004 | B6: Carterland | C6: Relaxation | D6: Autumn | E6: 9 | F6: 2654 | G6: 4.76 | H6: =_xlfn.XLOOKUP(Travel_Agency_Data[[#This Row],[TripID]],Bookings!C:C,Bookings!B:B,,0) -> C17077 | I6: =_xlfn.XLOOKUP(Travel_Agency_Data[[#This Row],[Customer ID]],Customers!A:A,Customers!F:F,,0) -> Silver | J6: =_xlfn.XLOOKUP(Travel_Agency_Data[[#This Row],[Customer ID]],Bookings!B:B,Bookings!D:D,,0) -> A215 | K6: =_xlfn.XLOOKUP(Travel_Agency_Data[[#This Row],[Agent ID]],Agents!A:A,Agents!B:B,,0) -> Laura Bennett | L6: =IFERROR(_xlfn.XLOOKUP(Travel_Agency_Data[[#This Row],[Booking ID]],Reviews!B:B,Reviews!A:A,,0),"Not Found") -> R7024 | M6: =IFERROR(_xlfn.XLOOKUP(Travel_Agency_Data[[#This Row],[Booking ID]],Reviews!B:B,Reviews!C:C,,0),"Not Found") -> 3 | N6: =_xlfn.XLOOKUP(Travel_Agency_Data[[#This Row],[Customer ID]],Bookings!B:B,Bookings!A:A,,0) -> B6182 | O6: =_xlfn.XLOOKUP(Travel_Agency_Data[[#This Row],[Agent ID]],Agents!A:A,Agents!C:C,,0) -> Maryland | P6: =_xlfn.XLOOKUP(Travel_Agency_Data[[#This Row],[Booking ID]],Bookings!A:A,Bookings!E:E,,0) -> 45682
A7: T1005 | B7: Susanbury | C7: City Break | D7: Spring | E7: 3 | F7: 805 | G7: 3.58 | H7: =_xlfn.XLOOKUP(Travel_Agency_Data[[#This Row],[TripID]],Bookings!C:C,Bookings!B:B,,0) -> C15786 | I7: =_xlfn.XLOOKUP(Travel_Agency_Data[[#This Row],[Customer ID]],Customers!A:A,Customers!F:F,,0) -> Gold | J7: =_xlfn.XLOOKUP(Travel_Agency_Data[[#This Row],[Customer ID]],Bookings!B:B,Bookings!D:D,,0) -> A214 | K7: =_xlfn.XLOOKUP(Travel_Agency_Data[[#This Row],[Agent ID]],Agents!A:A,Agents!B:B,,0) -> Sarah Mays | L7: =IFERROR(_xlfn.XLOOKUP(Travel_Agency_Data[[#This Row],[Booking ID]],Reviews!B:B,Reviews!A:A,,0),"Not Found") -> Not Found | M7: =IFERROR(_xlfn.XLOOKUP(Travel_Agency_Data[[#This Row],[Booking ID]],Reviews!B:B,Reviews!C:C,,0),"Not Found") -> Not Found | N7: =_xlfn.XLOOKUP(Travel_Agency_Data[[#This Row],[Customer ID]],Bookings!B:B,Bookings!A:A,,0) -> B5080 | O7: =_xlfn.XLOOKUP(Travel_Agency_Data[[#This Row],[Agent ID]],Agents!A:A,Agents!C:C,,0) -> Louisiana | P7: =_xlfn.XLOOKUP(Travel_Agency_Data[[#This Row],[Booking ID]],Bookings!A:A,Bookings!E:E,,0) -> 45827
A8: T1006 | B8: Sandersmouth | C8: Relaxation | D8: Autumn | E8: 5 | F8: 2510 | G8: 3.99 | H8: =_xlfn.XLOOKUP(Travel_Agency_Data[[#This Row],[TripID]],Bookings!C:C,Bookings!B:B,,0) -> C17351 | I8: =_xlfn.XLOOKUP(Travel_Agency_Data[[#This Row],[Customer ID]],Customers!A:A,Customers!F:F,,0) -> Bronze | J8: =_xlfn.XLOOKUP(Travel_Agency_Data[[#This Row],[Customer ID]],Bookings!B:B,Bookings!D:D,,0) -> A212 | K8: =_xlfn.XLOOKUP(Travel_Agency_Data[[#This Row],[Agent ID]],Agents!A:A,Agents!B:B,,0) -> Kenneth Cook | L8: =IFERROR(_xlfn.XLOOKUP(Travel_Agency_Data[[#This Row],[Booking ID]],Reviews!B:B,Reviews!A:A,,0),"Not Found") -> Not Found | M8: =IFERROR(_xlfn.XLOOKUP(Travel_Agency_Data[[#This Row],[Booking ID]],Reviews!B:B,Reviews!C:C,,0),"Not Found") -> Not Found | N8: =_xlfn.XLOOKUP(Travel_Agency_Data[[#This Row],[Customer ID]],Bookings!B:B,Bookings!A:A,,0) -> B5098 | O8: =_xlfn.XLOOKUP(Travel_Agency_Data[[#This Row],[Agent ID]],Agents!A:A,Agents!C:C,,0) -> Wisconsin | P8: =_xlfn.XLOOKUP(Travel_Agency_Data[[#This Row],[Booking ID]],Bookings!A:A,Bookings!E:E,,0) -> 45529
A9: T1007 | B9: Gabriellamouth | C9: City Break | D9: Autumn | E9: 7 | F9: 844 | G9: 4.83 | H9: =_xlfn.XLOOKUP(Travel_Agency_Data[[#This Row],[TripID]],Bookings!C:C,Bookings!B:B,,0) -> C19876 | I9: =_xlfn.XLOOKUP(Travel_Agency_Data[[#This Row],[Customer ID]],Customers!A:A,Customers!F:F,,0) -> Silver | J9: =_xlfn.XLOOKUP(Travel_Agency_Data[[#This Row],[Customer ID]],Bookings!B:B,Bookings!D:D,,0) -> A200 | K9: =_xlfn.XLOOKUP(Travel_Agency_Data[[#This Row],[Agent ID]],Agents!A:A,Agents!B:B,,0) -> Deborah Morgan | L9: =IFERROR(_xlfn.XLOOKUP(Travel_Agency_Data[[#This Row],[Booking ID]],Reviews!B:B,Reviews!A:A,,0),"Not Found") -> R11777 | M9: =IFERROR(_xlfn.XLOOKUP(Travel_Agency_Data[[#This Row],[Booking ID]],Reviews!B:B,Reviews!C:C,,0),"Not Found") -> 2 | N9: =_xlfn.XLOOKUP(Travel_Agency_Data[[#This Row],[Customer ID]],Bookings!B:B,Bookings!A:A,,0) -> B5054 | O9: =_xlfn.XLOOKUP(Travel_Agency_Data[[#This Row],[Agent ID]],Agents!A:A,Agents!C:C,,0) -> Michigan | P9: =_xlfn.XLOOKUP(Travel_Agency_Data[[#This Row],[Booking ID]],Bookings!A:A,Bookings!E:E,,0) -> 45765
A10: T1008 | B10: East Carolynshire | C10: Adventure | D10: Autumn | E10: 10 | F10: 1084 | G10: 4.51 | H10: =_xlfn.XLOOKUP(Travel_Agency_Data[[#This Row],[TripID]],Bookings!C:C,Bookings!B:B,,0) -> C16829 | I10: =_xlfn.XLOOKUP(Travel_Agency_Data[[#This Row],[Customer ID]],Customers!A:A,Customers!F:F,,0) -> Bronze | J10: =_xlfn.XLOOKUP(Travel_Agency_Data[[#This Row],[Customer ID]],Bookings!B:B,Bookings!D:D,,0) -> A203 | K10: =_xlfn.XLOOKUP(Travel_Agency_Data[[#This Row],[Agent ID]],Agents!A:A,Agents!B:B,,0) -> Paul Huffman | L10: =IFERROR(_xlfn.XLOOKUP(Travel_Agency_Data[[#This Row],[Booking ID]],Reviews!B:B,Reviews!A:A,,0),"Not Found") -> Not Found | M10: =IFERROR(_xlfn.XLOOKUP(Travel_Agency_Data[[#This Row],[Booking ID]],Reviews!B:B,Reviews!C:C,,0),"Not Found") -> Not Found | N10: =_xlfn.XLOOKUP(Travel_Agency_Data[[#This Row],[Customer ID]],Bookings!B:B,Bookings!A:A,,0) -> B5945 | O10: =_xlfn.XLOOKUP(Travel_Agency_Data[[#This Row],[Agent ID]],Agents!A:A,Agents!C:C,,0) -> Georgia | P10: =_xlfn.XLOOKUP(Travel_Agency_Data[[#This Row],[Booking ID]],Bookings!A:A,Bookings!E:E,,0) -> 45790
A11: T1009 | B11: Jonesfort | C11: Cruise | D11: Spring | E11: 12 | F11: 2185 | G11: 3.76 | H11: =_xlfn.XLOOKUP(Travel_Agency_Data[[#This Row],[TripID]],Bookings!C:C,Bookings!B:B,,0) -> C18430 | I11: =_xlfn.XLOOKUP(Travel_Agency_Data[[#This Row],[Customer ID]],Customers!A:A,Customers!F:F,,0) -> Bronze | J11: =_xlfn.XLOOKUP(Travel_Agency_Data[[#This Row],[Customer ID]],Bookings!B:B,Bookings!D:D,,0) -> A202 | K11: =_xlfn.XLOOKUP(Travel_Agency_Data[[#This Row],[Agent ID]],Agents!A:A,Agents!B:B,,0) -> Shannon Hernandez | L11: =IFERROR(_xlfn.XLOOKUP(Travel_Agency_Data[[#This Row],[Booking ID]],Reviews!B:B,Reviews!A:A,,0),"Not Found") -> R6537 | M11: =IFERROR(_xlfn.XLOOKUP(Travel_Agency_Data[[#This Row],[Booking ID]],Reviews!B:B,Reviews!C:C,,0),"Not Found") -> 5 | N11: =_xlfn.XLOOKUP(Travel_Agency_Data[[#This Row],[Customer ID]],Bookings!B:B,Bookings!A:A,,0) -> B5025 | O11: =_xlfn.XLOOKUP(Travel_Agency_Data[[#This Row],[Agent ID]],Agents!A:A,Agents!C:C,,0) -> Arkansas | P11: =_xlfn.XLOOKUP(Travel_Agency_Data[[#This Row],[Booking ID]],Bookings!A:A,Bookings!E:E,,0) -> 45847
A12: T1010 | B12: South Marvinshire | C12: Cultural | D12: Summer | E12: 10 | F12: 2456 | G12: 4.51 | H12: =_xlfn.XLOOKUP(Travel_Agency_Data[[#This Row],[TripID]],Bookings!C:C,Bookings!B:B,,0) -> C10933 | I12: =_xlfn.XLOOKUP(Travel_Agency_Data[[#This Row],[Customer ID]],Customers!A:A,Customers!F:F,,0) -> Bronze | J12: =_xlfn.XLOOKUP(Travel_Agency_Data[[#This Row],[Customer ID]],Bookings!B:B,Bookings!D:D,,0) -> A202 | K12: =_xlfn.XLOOKUP(Travel_Agency_Data[[#This Row],[Agent ID]],Agents!A:A,Agents!B:B,,0) -> Shannon Hernandez | L12: =IFERROR(_xlfn.XLOOKUP(Travel_Agency_Data[[#This Row],[Booking ID]],Reviews!B:B,Reviews!A:A,,0),"Not Found") -> R9264 | M12: =IFERROR(_xlfn.XLOOKUP(Travel_Agency_Data[[#This Row],[Booking ID]],Reviews!B:B,Reviews!C:C,,0),"Not Found") -> 5 | N12: =_xlfn.XLOOKUP(Travel_Agency_Data[[#This Row],[Customer ID]],Bookings!B:B,Bookings!A:A,,0) -> B5401 | O12: =_xlfn.XLOOKUP(Travel_Agency_Data[[#This Row],[Agent ID]],Agents!A:A,Agents!C:C,,0) -> Arkansas | P12: =_xlfn.XLOOKUP(Travel_Agency_Data[[#This Row],[Booking ID]],Bookings!A:A,Bookings!E:E,,0) -> 45526
A13: T1011 | B13: South Jeff | C13: Wildlife | D13: Summer | E13: 10 | F13: 1770 | G13: 3.94 | H13: =_xlfn.XLOOKUP(Travel_Agency_Data[[#This Row],[TripID]],Bookings!C:C,Bookings!B:B,,0) -> C13731 | I13: =_xlfn.XLOOKUP(Travel_Agency_Data[[#This Row],[Customer ID]],Customers!A:A,Customers!F:F,,0) -> Gold | J13: =_xlfn.XLOOKUP(Travel_Agency_Data[[#This Row],[Customer ID]],Bookings!B:B,Bookings!D:D,,0) -> A201 | K13: =_xlfn.XLOOKUP(Travel_Agency_Data[[#This Row],[Agent ID]],Agents!A:A,Agents!B:B,,0) -> Timothy Baker | L13: =IFERROR(_xlfn.XLOOKUP(Travel_Agency_Data[[#This Row],[Booking ID]],Reviews!B:B,Reviews!A:A,,0),"Not Found") -> Not Found | M13: =IFERROR(_xlfn.XLOOKUP(Travel_Agency_Data[[#This Row],[Booking ID]],Reviews!B:B,Reviews!C:C,,0),"Not Found") -> Not Found | N13: =_xlfn.XLOOKUP(Travel_Agency_Data[[#This Row],[Customer ID]],Bookings!B:B,Bookings!A:A,,0) -> B6205 | O13: =_xlfn.XLOOKUP(Travel_Agency_Data[[#This Row],[Agent ID]],Agents!A:A,Agents!C:C,,0) -> Missouri | P13: =_xlfn.XLOOKUP(Travel_Agency_Data[[#This Row],[Booking ID]],Bookings!A:A,Bookings!E:E,,0) -> 45518
... A501: T1499 | B501: Port Maryton | C501: City Break | D501: Autumn | E501: 9 | F501: 2202 | G501: 3.14 | H501: =_xlfn.XLOOKUP(Travel_Agency_Data[[#This Row],[TripID]],Bookings!C:C,Bookings!B:B,,0) -> C14002 | I501: =_xlfn.XLOOKUP(Travel_Agency_Data[[#This Row],[Customer ID]],Customers!A:A,Customers!F:F,,0) -> Silver | J501: =_xlfn.XLOOKUP(Travel_Agency_Data[[#This Row],[Customer ID]],Bookings!B:B,Bookings!D:D,,0) -> A213 | K501: =_xlfn.XLOOKUP(Travel_Agency_Data[[#This Row],[Agent ID]],Agents!A:A,Agents!B:B,,0) -> Dana Moore | L501: =IFERROR(_xlfn.XLOOKUP(Travel_Agency_Data[[#This Row],[Booking ID]],Reviews!B:B,Reviews!A:A,,0),"Not Found") -> Not Found | M501: =IFERROR(_xlfn.XLOOKUP(Travel_Agency_Data[[#This Row],[Booking ID]],Reviews!B:B,Reviews!C:C,,0),"Not Found") -> Not Found | N501: =_xlfn.XLOOKUP(Travel_Agency_Data[[#This Row],[Customer ID]],Bookings!B:B,Bookings!A:A,,0) -> B5062 | O501: =_xlfn.XLOOKUP(Travel_Agency_Data[[#This Row],[Agent ID]],Agents!A:A,Agents!C:C,,0) -> New Hampshire | P501: =_xlfn.XLOOKUP(Travel_Agency_Data[[#This Row],[Booking ID]],Bookings!A:A,Bookings!E:E,,0) -> 45834

Sheet Trips
A1: TripID | B1: Destination | C1: Type | D1: Season | E1: DurationDays | F1: PriceUSD | G1: AvgRating
A2: T1000 | B2: South Robin | C2: Cruise | D2: Winter | E2: 14 | F2: 2881 | G2: 4.72
A3: T1001 | B3: Lopezbury | C3: Relaxation | D3: Autumn | E3: 6 | F3: 1304 | G3: 4.92
A4: T1002 | B4: Grahamborough | C4: Cruise | D4: Spring | E4: 6 | F4: 2445 | G4: 3.12
A5: T1003 | B5: Lake Shaneburgh | C5: Wildlife | D5: Summer | E5: 14 | F5: 1010 | G5: 4.04
A6: T1004 | B6: Carterland | C6: Relaxation | D6: Autumn | E6: 9 | F6: 2654 | G6: 4.76
A7: T1005 | B7: Susanbury | C7: City Break | D7: Spring | E7: 3 | F7: 805 | G7: 3.58
A8: T1006 | B8: Sandersmouth | C8: Relaxation | D8: Autumn | E8: 5 | F8: 2510 | G8: 3.99
A9: T1007 | B9: Gabriellamouth | C9: City Break | D9: Autumn | E9: 7 | F9: 844 | G9: 4.83
A10: T1008 | B10: East Carolynshire | C10: Adventure | D10: Autumn | E10: 10 | F10: 1084 | G10: 4.51
A11: T1009 | B11: Jonesfort | C11: Cruise | D11: Spring | E11: 12 | F11: 2185 | G11: 3.76
A12: T1010 | B12: South Marvinshire | C12: Cultural | D12: Summer | E12: 10 | F12: 2456 | G12: 4.51
A13: T1011 | B13: South Jeff | C13: Wildlife | D13: Summer | E13: 10 | F13: 1770 | G13: 3.94
... A501: T1499 | B501: Port Maryton | C501: City Break | D501: Autumn | E501: 9 | F501: 2202 | G501: 3.14

Sheet Customers
A1: CustomerID | B1: Name | C1: Age | D1: Country | E1: Email | F1: LoyaltyTier
A2: C10000 | B2: William Maxwell | C2: 40 | D2: Korea | E2: kerrangela@yahoo.com | F2: Bronze
A3: C10001 | B3: Sean Henry | C3: 58 | D3: Antarctica (the territory South of 60 deg S) | E3: john90@gmail.com | F3: Bronze
A4: C10002 | B4: Bruce Hardy | C4: 39 | D4: Kenya | E4: rebekah51@yahoo.com | F4: Bronze
A5: C10003 | B5: Alvin Cooper | C5: 46 | D5: Tokelau | E5: elizabethford@barry.com | F5: Platinum
A6: C10004 | B6: Donald Mason | C6: 49 | D6: Dominica | E6: terri62@yahoo.com | F6: Silver
A7: C10005 | B7: Douglas Crawford | C7: 25 | D7: Cape Verde | E7: oolson@taylor-chavez.org | F7: Silver
A8: C10006 | B8: Erin Fuentes | C8: 21 | D8: Timor-Leste | E8: deanna03@hammond.com | F8: Bronze
A9: C10007 | B9: Erin Vargas | C9: 68 | D9: Kiribati | E9: joshuagutierrez@yahoo.com | F9: Bronze
A10: C10008 | B10: David Molina | C10: 52 | D10: Guam | E10: dsilva@willis.biz | F10: Bronze
A11: C10009 | B11: Ethan Jensen | C11: 18 | D11: Anguilla | E11: wilkinskeith@pollard.com | F11: Bronze
A12: C10010 | B12: Jesse Harper | C12: 43 | D12: Czech Republic | E12: joshuahall@gmail.com | F12: Platinum
A13: C10011 | B13: Isaiah Finley | C13: 65 | D13: Bahrain | E13: vanessa62@hotmail.com | F13: Bronze
... A10001: C19999 | B10001: Steve White | C10001: 22 | D10001: New Zealand | E10001: wwatson@hotmail.com | F10001: Gold

Sheet Agents
A1: AgentID | B1: AgentName | C1: Region | D1: YearsExperience
A2: A200 | B2: Deborah Morgan | C2: Michigan | D2: 10
A3: A201 | B3: Timothy Baker | C3: Missouri | D3: 14
A4: A202 | B4: Shannon Hernandez | C4: Arkansas | D4: 2
A5: A203 | B5: Paul Huffman | C5: Georgia | D5: 11
A6: A204 | B6: Martha Powell | C6: Colorado | D6: 8
A7: A205 | B7: Frank Goodwin | C7: Pennsylvania | D7: 2
A8: A206 | B8: Laurie Morales | C8: Tennessee | D8: 5
A9: A207 | B9: Curtis Burton | C9: Tennessee | D9: 14
A10: A208 | B10: Sarah Keith | C10: Washington | D10: 4
A11: A209 | B11: Karen Sutton | C11: Louisiana | D11: 6
A12: A210 | B12: Richard Simmons | C12: Oregon | D12: 5
A13: A211 | B13: Stephen Payne | C13: Alabama | D13: 7
... A26: A224 | B26: Kevin Marsh | C26: Oklahoma | D26: 13

Sheet Bookings
A1: BookingID | B1: CustomerID | C1: TripID | D1: AgentID | E1: BookingDate | F1: NumTravelers
A2: B5000 | B2: C14326 | C2: T1314 | D2: A205 | E2: 45795 | F2: 4
A3: B5001 | B3: C16697 | C3: T1168 | D3: A202 | E3: 45586 | F3: 2
A4: B5002 | B4: C17454 | C4: T1024 | D4: A213 | E4: 45734 | F4: 2
A5: B5003 | B5: C11464 | C5: T1413 | D5: A221 | E5: 45818 | F5: 4
A6: B5004 | B6: C12039 | C6: T1160 | D6: A223 | E6: 45768 | F6: 1
A7: B5005 | B7: C14950 | C7: T1041 | D7: A220 | E7: 45585 | F7: 4
A8: B5006 | B8: C11653 | C8: T1030 | D8: A203 | E8: 45795 | F8: 1
A9: B5007 | B9: C11213 | C9: T1014 | D9: A223 | E9: 45506 | F9: 4
A10: B5008 | B10: C19175 | C10: T1455 | D10: A206 | E10: 45738 | F10: 3
A11: B5009 | B11: C18704 | C11: T1483 | D11: A209 | E11: 45812 | F11: 3
A12: B5010 | B12: C16479 | C12: T1335 | D12: A203 | E12: 45786 | F12: 3
A13: B5011 | B13: C19407 | C13: T1087 | D13: A218 | E13: 45559 | F13: 2
... A15001: B19999 | B15001: C12324 | C15001: T1377 | D15001: A212 | E15001: 45701 | F15001: 1

Sheet Reviews
A1: ReviewID | B1: BookingID | C1: Rating | D1: Comment
A2: R3000 | B2: B6289 | C2: 2 | D2: Could have been better
A3: R3001 | B3: B16503 | C3: 5 | D3: Amazing trip!
A4: R3002 | B4: B11888 | C4: 1 | D4: I didn’t enjoy the flight food at all
A5: R3003 | B5: B5429 | C5: 4 | D5: Would recommend
A6: R3004 | B6: B13265 | C6: 5 | D6: Excellent planning!
A7: R3005 | B7: B12571 | C7: 5 | D7: Amazing trip!
A8: R3006 | B8: B19235 | C8: 3 | D8: Nothing special
A9: R3007 | B9: B11761 | C9: 5 | D9: Excellent planning!
A10: R3008 | B10: B7125 | C10: 5 | D10: Loved every moment of it
A11: R3009 | B11: B17650 | C11: 1 | D11: I didn’t enjoy the flight food at all
A12: R3010 | B12: B12006 | C12: 3 | D12: Some good, some bad moments
A13: R3011 | B13: B19667 | C13: 3 | D13: Average experience
... A12001: R14999 | B12001: B6531 | C12001: 2 | D12001: Could have been better

Sheet SupportTickets
A1: TicketID | B1: CustomerID | C1: Issue | D1: DateReported | E1: Status
A2: S8000 | B2: C15322 | C2: Late pickup | D2: 45857 | E2: Open
A3: S8001 | B3: C13732 | C3: Wrong booking | D3: 45857 | E3: Resolved
A4: S8002 | B4: C16907 | C4: Late pickup | D4: 45857 | E4: Pending
A5: S8003 | B5: C17927 | C5: Wrong booking | D5: 45857 | E5: Resolved
A6: S8004 | B6: C18440 | C6: Late pickup | D6: 45857 | E6: Open
A7: S8005 | B7: C11043 | C7: Wrong booking | D7: 45857 | E7: Pending
A8: S8006 | B8: C19777 | C8: Rude staff | D8: 45857 | E8: Resolved
A9: S8007 | B9: C10097 | C9: Missing luggage | D9: 45857 | E9: Open
A10: S8008 | B10: C13050 | C10: Late pickup | D10: 45857 | E10: Open
A11: S8009 | B11: C15153 | C11: Overcharged | D11: 45857 | E11: Open
A12: S8010 | B12: C11321 | C12: Missing luggage | D12: 45857 | E12: Open
A13: S8011 | B13: C13494 | C13: Missing luggage | D13: 45857 | E13: Pending
... A2001: S9999 | B2001: C18421 | C2001: Missing luggage | D2001: 45857 | E2001: Pending
